{
  "distancias": [
    0.0,
    19.456383,
    16.483839,
    17.32364,
    13.9587755,
    22.36936,
    17.352682,
    3.1429796,
    20.533516,
    8.699424,
    16.571674,
    12.11385,
    11.724672,
    15.16656,
    11.035662
  ],
  "predecesores": [
    -1,
    3,
    15,
    13,
    10,
    5,
    14,
    1,
    15,
    1,
    3,
    8,
    10,
    13,
    8
  ]
}